1850,1,-0.779
1850,2,-0.26
1850,3,-0.401
1850,4,-0.699
1850,5,-0.687
1850,6,-0.401
1850,7,-0.258
1850,8,-0.236
1850,9,-0.501
1850,10,-0.662
1850,11,-0.67
1850,12,-0.589
1851,1,-0.273
1851,2,-0.522
1851,3,-0.668
1851,4,-0.691
1851,5,-0.39
1851,6,-0.279
1851,7,-0.231
1851,8,-0.319
1851,9,-0.396
1851,10,-0.184
1851,11,-0.44
1851,12,-0.228
1852,1,-0.321
1852,2,-0.57
1852,3,-0.817
1852,4,-0.605
1852,5,-0.226
1852,6,-0.199
1852,7,-0.114
1852,8,-0.415
1852,9,-0.373
1852,10,-0.243
1852,11,-0.607
1852,12,-0.009
1853,1,-0.391
1853,2,-0.498
1853,3,-0.525
1853,4,-0.425
1853,5,-0.326
1853,6,-0.266
1853,7,-0.052
1853,8,-0.153
1853,9,-0.471
1853,10,-0.552
1853,11,-0.721
1853,12,-0.402
1854,1,-0.596
1854,2,-0.638
1854,3,-0.346
1854,4,-0.434
1854,5,-0.347
1854,6,-0.501
1854,7,-0.231
1854,8,-0.246
1854,9,-0.295
1854,10,0.045
1854,11,-0.333
1854,12,-0.205
1855,1,-0.043
1855,2,-0.168
1855,3,-0.315
1855,4,-0.122
1855,5,-0.254
1855,6,-0.302
1855,7,-0.406
1855,8,-0.299
1855,9,-0.528
1855,10,-0.378
1855,11,-0.379
1855,12,-0.645
1856,1,-0.161
1856,2,-0.527
1856,3,-0.499
1856,4,-0.351
1856,5,-0.328
1856,6,-0.187
1856,7,-0.344
1856,8,-0.595
1856,9,-0.78
1856,10,-0.702
1856,11,-0.638
1856,12,-0.451
1857,1,-0.575
1857,2,-0.573
1857,3,-0.535
1857,4,-0.897
1857,5,-0.837
1857,6,-0.616
1857,7,-0.518
1857,8,-0.519
1857,9,-0.495
1857,10,-0.552
1857,11,-0.578
1857,12,-0.367
1858,1,-0.314
1858,2,-0.6
1858,3,-0.361
1858,4,-0.343
1858,5,-0.532
1858,6,-0.417
1858,7,-0.478
1858,8,-0.466
1858,9,-0.561
1858,10,-0.369
1858,11,-0.294
1858,12,-0.586
1859,1,-0.465
1859,2,-0.524
1859,3,-0.357
1859,4,-0.139
1859,5,-0.153
1859,6,-0.282
1859,7,-0.443
1859,8,-0.514
1859,9,-0.707
1859,10,-0.389
1859,11,-0.365
1859,12,-0.325
1860,1,-0.457
1860,2,-0.437
1860,3,-0.828
1860,4,-0.453
1860,5,-0.34
1860,6,-0.313
1860,7,-0.268
1860,8,-0.19
1860,9,-0.282
1860,10,-0.328
1860,11,-0.635
1860,12,-1.019
1861,1,-1.194
1861,2,-0.835
1861,3,-0.737
1861,4,-0.502
1861,5,-0.514
1861,6,-0.415
1861,7,-0.343
1861,8,-0.236
1861,9,-0.447
1861,10,-0.583
1861,11,-0.349
1861,12,-0.508
1862,1,-0.957
1862,2,-0.754
1862,3,-0.513
1862,4,-0.64
1862,5,-0.349
1862,6,-0.399
1862,7,-0.43
1862,8,-0.556
1862,9,-0.665
1862,10,-0.575
1862,11,-0.74
1862,12,-1.091
1863,1,-0.232
1863,2,-0.239
1863,3,-0.416
1863,4,-0.304
1863,5,-0.257
1863,6,-0.398
1863,7,-0.442
1863,8,-0.461
1863,9,-0.583
1863,10,-0.575
1863,11,-0.467
1863,12,-0.509
1864,1,-0.711
1864,2,-0.529
1864,3,-0.481
1864,4,-0.483
1864,5,-0.22
1864,6,-0.183
1864,7,-0.273
1864,8,-0.41
1864,9,-0.521
1864,10,-0.398
1864,11,-0.448
1864,12,-0.525
1865,1,-0.037
1865,2,-0.441
1865,3,-0.518
1865,4,-0.506
1865,5,-0.346
1865,6,-0.331
1865,7,-0.248
1865,8,-0.264
1865,9,-0.284
1865,10,-0.255
1865,11,-0.243
1865,12,-0.539
1866,1,-0.022
1866,2,-0.405
1866,3,-0.503
1866,4,-0.571
1866,5,-0.382
1866,6,-0.26
1866,7,0.071
1866,8,-0.258
1866,9,-0.407
1866,10,-0.391
1866,11,-0.194
1866,12,-0.015
1867,1,-0.227
1867,2,-0.427
1867,3,-0.393
1867,4,-0.256
1867,5,-0.512
1867,6,-0.312
1867,7,-0.289
1867,8,-0.379
1867,9,-0.239
1867,10,-0.055
1867,11,0.196
1867,12,-0.197
1868,1,-0.545
1868,2,-0.69
1868,3,-0.376
1868,4,-0.201
1868,5,-0.131
1868,6,-0.127
1868,7,0.064
1868,8,-0.081
1868,9,-0.286
1868,10,-0.032
1868,11,-0.367
1868,12,-0.159
1869,1,-0.215
1869,2,-0.081
1869,3,-0.489
1869,4,-0.324
1869,5,-0.228
1869,6,-0.255
1869,7,-0.274
1869,8,-0.232
1869,9,-0.109
1869,10,-0.24
1869,11,-0.231
1869,12,-0.453
1870,1,-0.346
1870,2,-0.533
1870,3,-0.386
1870,4,-0.325
1870,5,-0.257
1870,6,-0.154
1870,7,-0.13
1870,8,-0.328
1870,9,-0.246
1870,10,-0.386
1870,11,-0.378
1870,12,-0.612
1871,1,-0.551
1871,2,-0.596
1871,3,-0.304
1871,4,-0.108
1871,5,-0.314
1871,6,-0.245
1871,7,-0.176
1871,8,-0.225
1871,9,-0.433
1871,10,-0.291
1871,11,-0.581
1871,12,-0.431
1872,1,-0.509
1872,2,-0.465
1872,3,-0.359
1872,4,-0.374
1872,5,-0.237
1872,6,-0.319
1872,7,-0.14
1872,8,-0.072
1872,9,-0.215
1872,10,-0.228
1872,11,-0.454
1872,12,-0.529
1873,1,-0.326
1873,2,-0.115
1873,3,-0.334
1873,4,-0.515
1873,5,-0.318
1873,6,-0.263
1873,7,-0.202
1873,8,-0.182
1873,9,-0.41
1873,10,-0.257
1873,11,-0.361
1873,12,-0.251
1874,1,-0.251
1874,2,-0.353
1874,3,-0.691
1874,4,-0.433
1874,5,-0.373
1874,6,-0.376
1874,7,-0.306
1874,8,-0.231
1874,9,-0.235
1874,10,-0.377
1874,11,-0.47
1874,12,-0.333
1875,1,-0.523
1875,2,-0.466
1875,3,-0.517
1875,4,-0.447
1875,5,-0.359
1875,6,-0.367
1875,7,-0.3
1875,8,-0.336
1875,9,-0.338
1875,10,-0.257
1875,11,-0.609
1875,12,-0.503
1876,1,-0.433
1876,2,-0.377
1876,3,-0.39
1876,4,-0.372
1876,5,-0.589
1876,6,-0.396
1876,7,-0.187
1876,8,-0.352
1876,9,-0.427
1876,10,-0.367
1876,11,-0.558
1876,12,-0.637
1877,1,-0.26
1877,2,-0.164
1877,3,-0.017
1877,4,-0.206
1877,5,-0.176
1877,6,-0.111
1877,7,0.06
1877,8,0.173
1877,9,0.11
1877,10,0.13
1877,11,0.141
1877,12,-0.123
1878,1,-0.041
1878,2,0.326
1878,3,0.491
1878,4,0.231
1878,5,-0.109
1878,6,0.036
1878,7,0.083
1878,8,0.047
1878,9,-0.048
1878,10,-0.071
1878,11,-0.021
1878,12,-0.177
1879,1,-0.174
1879,2,-0.301
1879,3,-0.121
1879,4,-0.368
1879,5,-0.296
1879,6,-0.216
1879,7,-0.247
1879,8,-0.312
1879,9,-0.372
1879,10,-0.147
1879,11,-0.283
1879,12,-0.509
1880,1,-0.45
1880,2,-0.539
1880,3,-0.304
1880,4,-0.359
1880,5,-0.25
1880,6,-0.316
1880,7,-0.301
1880,8,-0.229
1880,9,-0.444
1880,10,-0.368
1880,11,-0.217
1880,12,-0.293
1881,1,-0.141
1881,2,-0.252
1881,3,-0.137
1881,4,-0.065
1881,5,-0.101
1881,6,-0.405
1881,7,-0.216
1881,8,-0.216
1881,9,-0.348
1881,10,-0.288
1881,11,-0.45
1881,12,-0.264
1882,1,0.055
1882,2,-0.034
1882,3,-0.145
1882,4,-0.324
1882,5,-0.297
1882,6,-0.393
1882,7,-0.393
1882,8,-0.243
1882,9,-0.255
1882,10,-0.398
1882,11,-0.461
1882,12,-0.646
1883,1,-0.436
1883,2,-0.478
1883,3,-0.149
1883,4,-0.383
1883,5,-0.288
1883,6,-0.181
1883,7,-0.319
1883,8,-0.384
1883,9,-0.413
1883,10,-0.289
1883,11,-0.524
1883,12,-0.326
1884,1,-0.285
1884,2,-0.253
1884,3,-0.551
1884,4,-0.61
1884,5,-0.597
1884,6,-0.546
1884,7,-0.593
1884,8,-0.54
1884,9,-0.548
1884,10,-0.503
1884,11,-0.617
1884,12,-0.472
1885,1,-0.733
1885,2,-0.537
1885,3,-0.411
1885,4,-0.557
1885,5,-0.583
1885,6,-0.629
1885,7,-0.412
1885,8,-0.479
1885,9,-0.469
1885,10,-0.346
1885,11,-0.441
1885,12,-0.231
1886,1,-0.661
1886,2,-0.715
1886,3,-0.649
1886,4,-0.492
1886,5,-0.353
1886,6,-0.527
1886,7,-0.349
1886,8,-0.474
1886,9,-0.521
1886,10,-0.471
1886,11,-0.593
1886,12,-0.419
1887,1,-0.993
1887,2,-0.77
1887,3,-0.529
1887,4,-0.426
1887,5,-0.485
1887,6,-0.517
1887,7,-0.391
1887,8,-0.569
1887,9,-0.443
1887,10,-0.45
1887,11,-0.463
1887,12,-0.457
1888,1,-0.403
1888,2,-0.575
1888,3,-0.514
1888,4,-0.445
1888,5,-0.395
1888,6,-0.387
1888,7,-0.293
1888,8,-0.314
1888,9,-0.372
1888,10,-0.104
1888,11,-0.189
1888,12,-0.183
1889,1,-0.158
1889,2,0.163
1889,3,-0.005
1889,4,0.01
1889,5,-0.185
1889,6,-0.216
1889,7,-0.191
1889,8,-0.317
1889,9,-0.411
1889,10,-0.316
1889,11,-0.552
1889,12,-0.393
1890,1,-0.502
1890,2,-0.475
1890,3,-0.612
1890,4,-0.467
1890,5,-0.526
1890,6,-0.482
1890,7,-0.457
1890,8,-0.498
1890,9,-0.519
1890,10,-0.335
1890,11,-0.709
1890,12,-0.406
1891,1,-0.505
1891,2,-0.63
1891,3,-0.256
1891,4,-0.42
1891,5,-0.3
1891,6,-0.418
1891,7,-0.414
1891,8,-0.347
1891,9,-0.298
1891,10,-0.395
1891,11,-0.565
1891,12,-0.18
1892,1,-0.294
1892,2,-0.215
1892,3,-0.478
1892,4,-0.547
1892,5,-0.46
1892,6,-0.361
1892,7,-0.543
1892,8,-0.477
1892,9,-0.365
1892,10,-0.241
1892,11,-0.739
1892,12,-0.506
1893,1,-0.912
1893,2,-0.645
1893,3,-0.333
1893,4,-0.411
1893,5,-0.433
1893,6,-0.343
1893,7,-0.222
1893,8,-0.297
1893,9,-0.404
1893,10,-0.274
1893,11,-0.374
1893,12,-0.453
1894,1,-0.584
1894,2,-0.483
1894,3,-0.393
1894,4,-0.57
1894,5,-0.435
1894,6,-0.484
1894,7,-0.315
1894,8,-0.337
1894,9,-0.41
1894,10,-0.232
1894,11,-0.422
1894,12,-0.376
1895,1,-0.514
1895,2,-0.536
1895,3,-0.468
1895,4,-0.338
1895,5,-0.393
1895,6,-0.328
1895,7,-0.263
1895,8,-0.309
1895,9,-0.362
1895,10,-0.259
1895,11,-0.258
1895,12,-0.227
1896,1,-0.263
1896,2,-0.346
1896,3,-0.472
1896,4,-0.517
1896,5,-0.301
1896,6,-0.182
1896,7,-0.129
1896,8,-0.141
1896,9,-0.203
1896,10,-0.077
1896,11,-0.278
1896,12,-0.131
1897,1,-0.211
1897,2,-0.335
1897,3,-0.325
1897,4,-0.098
1897,5,-0.056
1897,6,-0.191
1897,7,-0.213
1897,8,-0.231
1897,9,-0.28
1897,10,-0.237
1897,11,-0.369
1897,12,-0.276
1898,1,-0.18
1898,2,-0.537
1898,3,-0.653
1898,4,-0.437
1898,5,-0.482
1898,6,-0.278
1898,7,-0.37
1898,8,-0.384
1898,9,-0.404
1898,10,-0.489
1898,11,-0.557
1898,12,-0.432
1899,1,-0.253
1899,2,-0.532
1899,3,-0.457
1899,4,-0.268
1899,5,-0.264
1899,6,-0.42
1899,7,-0.29
1899,8,-0.153
1899,9,-0.133
1899,10,-0.099
1899,11,0.026
1899,12,-0.299
1900,1,-0.437
1900,2,-0.032
1900,3,-0.019
1900,4,-0.142
1900,5,-0.088
1900,6,-0.162
1900,7,-0.19
1900,8,-0.179
1900,9,-0.179
1900,10,0.012
1900,11,-0.24
1900,12,-0.177
1901,1,-0.313
1901,2,-0.123
1901,3,-0.053
1901,4,-0.072
1901,5,-0.182
1901,6,-0.23
1901,7,-0.27
1901,8,-0.218
1901,9,-0.299
1901,10,-0.302
1901,11,-0.333
1901,12,-0.289
1902,1,-0.304
1902,2,-0.123
1902,3,-0.41
1902,4,-0.339
1902,5,-0.381
1902,6,-0.391
1902,7,-0.303
1902,8,-0.3
1902,9,-0.317
1902,10,-0.382
1902,11,-0.569
1902,12,-0.546
1903,1,-0.274
1903,2,-0.169
1903,3,-0.316
1903,4,-0.496
1903,5,-0.457
1903,6,-0.552
1903,7,-0.48
1903,8,-0.586
1903,9,-0.597
1903,10,-0.552
1903,11,-0.577
1903,12,-0.515
1904,1,-0.642
1904,2,-0.648
1904,3,-0.481
1904,4,-0.533
1904,5,-0.522
1904,6,-0.502
1904,7,-0.52
1904,8,-0.504
1904,9,-0.597
1904,10,-0.49
1904,11,-0.287
1904,12,-0.353
1905,1,-0.334
1905,2,-0.627
1905,3,-0.323
1905,4,-0.401
1905,5,-0.307
1905,6,-0.334
1905,7,-0.377
1905,8,-0.312
1905,9,-0.324
1905,10,-0.311
1905,11,-0.187
1905,12,-0.3
1906,1,-0.339
1906,2,-0.346
1906,3,-0.15
1906,4,-0.057
1906,5,-0.291
1906,6,-0.268
1906,7,-0.333
1906,8,-0.286
1906,9,-0.373
1906,10,-0.203
1906,11,-0.412
1906,12,-0.189
1907,1,-0.424
1907,2,-0.624
1907,3,-0.286
1907,4,-0.393
1907,5,-0.532
1907,6,-0.484
1907,7,-0.428
1907,8,-0.498
1907,9,-0.427
1907,10,-0.229
1907,11,-0.558
1907,12,-0.493
1908,1,-0.421
1908,2,-0.341
1908,3,-0.644
1908,4,-0.517
1908,5,-0.315
1908,6,-0.356
1908,7,-0.374
1908,8,-0.507
1908,9,-0.368
1908,10,-0.481
1908,11,-0.659
1908,12,-0.566
1909,1,-0.763
1909,2,-0.504
1909,3,-0.588
1909,4,-0.572
1909,5,-0.533
1909,6,-0.517
1909,7,-0.54
1909,8,-0.365
1909,9,-0.492
1909,10,-0.459
1909,11,-0.429
1909,12,-0.523
1910,1,-0.434
1910,2,-0.516
1910,3,-0.572
1910,4,-0.476
1910,5,-0.371
1910,6,-0.447
1910,7,-0.448
1910,8,-0.421
1910,9,-0.45
1910,10,-0.41
1910,11,-0.651
1910,12,-0.766
1911,1,-0.704
1911,2,-0.661
1911,3,-0.653
1911,4,-0.548
1911,5,-0.57
1911,6,-0.55
1911,7,-0.516
1911,8,-0.479
1911,9,-0.507
1911,10,-0.283
1911,11,-0.337
1911,12,-0.328
1912,1,-0.304
1912,2,-0.255
1912,3,-0.468
1912,4,-0.217
1912,5,-0.289
1912,6,-0.263
1912,7,-0.538
1912,8,-0.615
1912,9,-0.685
1912,10,-0.681
1912,11,-0.516
1912,12,-0.526
1913,1,-0.541
1913,2,-0.504
1913,3,-0.449
1913,4,-0.337
1913,5,-0.427
1913,6,-0.485
1913,7,-0.447
1913,8,-0.376
1913,9,-0.453
1913,10,-0.387
1913,11,-0.322
1913,12,-0.081
1914,1,-0.036
1914,2,-0.302
1914,3,-0.348
1914,4,-0.312
1914,5,-0.226
1914,6,-0.266
1914,7,-0.341
1914,8,-0.219
1914,9,-0.243
1914,10,-0.11
1914,11,-0.271
1914,12,-0.07
1915,1,-0.234
1915,2,-0.15
1915,3,-0.079
1915,4,0.065
1915,5,-0.032
1915,6,-0.25
1915,7,-0.197
1915,8,-0.127
1915,9,-0.226
1915,10,-0.309
1915,11,-0.171
1915,12,-0.277
1916,1,-0.225
1916,2,-0.231
1916,3,-0.269
1916,4,-0.307
1916,5,-0.334
1916,6,-0.415
1916,7,-0.411
1916,8,-0.375
1916,9,-0.442
1916,10,-0.448
1916,11,-0.618
1916,12,-0.852
1917,1,-0.731
1917,2,-0.718
1917,3,-0.619
1917,4,-0.493
1917,5,-0.584
1917,6,-0.508
1917,7,-0.27
1917,8,-0.345
1917,9,-0.358
1917,10,-0.485
1917,11,-0.464
1917,12,-0.713
1918,1,-0.504
1918,2,-0.514
1918,3,-0.396
1918,4,-0.502
1918,5,-0.459
1918,6,-0.398
1918,7,-0.382
1918,8,-0.396
1918,9,-0.231
1918,10,-0.069
1918,11,-0.214
1918,12,-0.299
1919,1,-0.211
1919,2,-0.208
1919,3,-0.224
1919,4,-0.051
1919,5,-0.231
1919,6,-0.317
1919,7,-0.358
1919,8,-0.318
1919,9,-0.299
1919,10,-0.218
1919,11,-0.536
1919,12,-0.432
1920,1,-0.242
1920,2,-0.418
1920,3,-0.134
1920,4,-0.186
1920,5,-0.223
1920,6,-0.288
1920,7,-0.282
1920,8,-0.258
1920,9,-0.228
1920,10,-0.194
1920,11,-0.293
1920,12,-0.453
1921,1,-0.085
1921,2,-0.218
1921,3,-0.31
1921,4,-0.286
1921,5,-0.303
1921,6,-0.182
1921,7,-0.179
1921,8,-0.324
1921,9,-0.197
1921,10,-0.069
1921,11,-0.135
1921,12,-0.095
1922,1,-0.29
1922,2,-0.419
1922,3,-0.152
1922,4,-0.131
1922,5,-0.349
1922,6,-0.284
1922,7,-0.228
1922,8,-0.389
1922,9,-0.383
1922,10,-0.371
1922,11,-0.287
1922,12,-0.205
1923,1,-0.314
1923,2,-0.442
1923,3,-0.404
1923,4,-0.341
1923,5,-0.339
1923,6,-0.226
1923,7,-0.387
1923,8,-0.352
1923,9,-0.363
1923,10,-0.087
1923,11,0.016
1923,12,0
1924,1,-0.264
1924,2,-0.25
1924,3,-0.049
1924,4,-0.279
1924,5,-0.17
1924,6,-0.238
1924,7,-0.283
1924,8,-0.338
1924,9,-0.335
1924,10,-0.334
1924,11,-0.242
1924,12,-0.36
1925,1,-0.41
1925,2,-0.487
1925,3,-0.271
1925,4,-0.273
1925,5,-0.252
1925,6,-0.29
1925,7,-0.259
1925,8,-0.181
1925,9,-0.212
1925,10,-0.156
1925,11,-0.028
1925,12,0.163
1926,1,0.215
1926,2,-0.022
1926,3,0.124
1926,4,-0.09
1926,5,-0.201
1926,6,-0.194
1926,7,-0.231
1926,8,-0.118
1926,9,-0.107
1926,10,-0.001
1926,11,-0.075
1926,12,-0.252
1927,1,-0.242
1927,2,-0.179
1927,3,-0.399
1927,4,-0.283
1927,5,-0.179
1927,6,-0.249
1927,7,-0.196
1927,8,-0.181
1927,9,-0.121
1927,10,0.067
1927,11,-0.069
1927,12,-0.265
1928,1,0.13
1928,2,-0.038
1928,3,-0.202
1928,4,-0.186
1928,5,-0.272
1928,6,-0.374
1928,7,-0.203
1928,8,-0.231
1928,9,-0.262
1928,10,-0.15
1928,11,-0.109
1928,12,-0.141
1929,1,-0.408
1929,2,-0.531
1929,3,-0.402
1929,4,-0.374
1929,5,-0.427
1929,6,-0.437
1929,7,-0.437
1929,8,-0.287
1929,9,-0.267
1929,10,-0.126
1929,11,-0.134
1929,12,-0.516
1930,1,-0.229
1930,2,-0.306
1930,3,-0.12
1930,4,-0.224
1930,5,-0.195
1930,6,-0.208
1930,7,-0.136
1930,8,-0.126
1930,9,-0.096
1930,10,-0.073
1930,11,0.119
1930,12,-0.005
1931,1,-0.084
1931,2,-0.221
1931,3,-0.09
1931,4,-0.19
1931,5,-0.223
1931,6,-0.081
1931,7,-0.009
1931,8,-0.015
1931,9,-0.044
1931,10,0.087
1931,11,-0.063
1931,12,0.023
1932,1,0.128
1932,2,-0.164
1932,3,-0.104
1932,4,0.043
1932,5,-0.071
1932,6,-0.213
1932,7,-0.177
1932,8,-0.198
1932,9,-0.02
1932,10,-0.058
1932,11,-0.306
1932,12,-0.176
1933,1,-0.247
1933,2,-0.273
1933,3,-0.302
1933,4,-0.254
1933,5,-0.274
1933,6,-0.401
1933,7,-0.284
1933,8,-0.215
1933,9,-0.314
1933,10,-0.257
1933,11,-0.368
1933,12,-0.418
1934,1,-0.289
1934,2,-0.115
1934,3,-0.373
1934,4,-0.328
1934,5,-0.139
1934,6,-0.154
1934,7,-0.139
1934,8,-0.159
1934,9,-0.186
1934,10,-0.029
1934,11,0.039
1934,12,-0.04
1935,1,-0.327
1935,2,0.048
1935,3,-0.139
1935,4,-0.323
1935,5,-0.271
1935,6,-0.2
1935,7,-0.183
1935,8,-0.203
1935,9,-0.224
1935,10,-0.034
1935,11,-0.379
1935,12,-0.179
1936,1,-0.31
1936,2,-0.329
1936,3,-0.295
1936,4,-0.192
1936,5,-0.169
1936,6,-0.173
1936,7,-0.066
1936,8,-0.1
1936,9,-0.128
1936,10,0.019
1936,11,-0.07
1936,12,0.037
1937,1,-0.027
1937,2,0.088
1937,3,-0.119
1937,4,-0.09
1937,5,-0.04
1937,6,-0.001
1937,7,0.025
1937,8,0.032
1937,9,0.114
1937,10,0.159
1937,11,0.09
1937,12,0.017
1938,1,0.112
1938,2,0.055
1938,3,0.095
1938,4,0.108
1938,5,-0.074
1938,6,-0.118
1938,7,-0.091
1938,8,-0.016
1938,9,0.062
1938,10,0.23
1938,11,0.071
1938,12,-0.113
1939,1,-0.038
1939,2,-0.1
1939,3,-0.176
1939,4,-0.005
1939,5,0.074
1939,6,0.003
1939,7,-0.007
1939,8,-0.02
1939,9,-0.037
1939,10,-0.097
1939,11,-0.072
1939,12,0.423
1940,1,0.138
1940,2,0.1
1940,3,0.067
1940,4,0.143
1940,5,0.032
1940,6,0.016
1940,7,0.158
1940,8,0.065
1940,9,0.143
1940,10,0.045
1940,11,-0.035
1940,12,0.231
1941,1,0.035
1941,2,0.158
1941,3,-0.025
1941,4,0.031
1941,5,0.066
1941,6,0.076
1941,7,0.144
1941,8,0.019
1941,9,-0.165
1941,10,0.247
1941,11,0.008
1941,12,0.249
1942,1,0.352
1942,2,-0.017
1942,3,0.06
1942,4,-0.02
1942,5,0.031
1942,6,-0.001
1942,7,-0.053
1942,8,-0.103
1942,9,-0.085
1942,10,0.003
1942,11,0.029
1942,12,0.138
1943,1,-0.045
1943,2,0.104
1943,3,-0.049
1943,4,0.101
1943,5,0.05
1943,6,-0.076
1943,7,0.021
1943,8,0.051
1943,9,0.007
1943,10,0.291
1943,11,0.142
1943,12,0.234
1944,1,0.336
1944,2,0.201
1944,3,0.228
1944,4,0.14
1944,5,0.131
1944,6,0.088
1944,7,0.133
1944,8,0.188
1944,9,0.163
1944,10,0.242
1944,11,0.017
1944,12,0.087
1945,1,0.09
1945,2,-0.062
1945,3,0.018
1945,4,0.144
1945,5,-0.051
1945,6,-0.057
1945,7,-0.073
1945,8,0.184
1945,9,0.059
1945,10,0.184
1945,11,-0.029
1945,12,-0.098
1946,1,0.05
1946,2,-0.036
1946,3,0.071
1946,4,0.09
1946,5,-0.043
1946,6,-0.16
1946,7,-0.042
1946,8,-0.157
1946,9,-0.078
1946,10,0.017
1946,11,-0.032
1946,12,-0.189
1947,1,0.08
1947,2,0.104
1947,3,0.192
1947,4,0.114
1947,5,0.009
1947,6,-0.009
1947,7,0.008
1947,8,-0.06
1947,9,-0.023
1947,10,0.202
1947,11,0.12
1947,12,-0.013
1948,1,0.106
1948,2,-0.154
1948,3,-0.172
1948,4,-0.023
1948,5,0.079
1948,6,0.068
1948,7,-0.073
1948,8,-0.006
1948,9,-0.09
1948,10,0.029
1948,11,-0.14
1948,12,-0.275
1949,1,0.119
1949,2,-0.163
1949,3,-0.033
1949,4,-0.054
1949,5,-0.054
1949,6,-0.26
1949,7,-0.181
1949,8,-0.1
1949,9,-0.142
1949,10,0.002
1949,11,-0.094
1949,12,-0.026
1950,1,-0.212
1950,2,-0.316
1950,3,-0.099
1950,4,-0.19
1950,5,-0.044
1950,6,-0.013
1950,7,-0.009
1950,8,-0.154
1950,9,-0.163
1950,10,-0.139
1950,11,-0.331
1950,12,-0.155
1951,1,-0.292
1951,2,-0.383
1951,3,-0.121
1951,4,-0.024
1951,5,0.128
1951,6,0.11
1951,7,0.076
1951,8,0.208
1951,9,0.103
1951,10,0.182
1951,11,0.01
1951,12,0.239
1952,1,0.218
1952,2,0.182
1952,3,-0.053
1952,4,0.098
1952,5,0.066
1952,6,0.083
1952,7,0.121
1952,8,0.123
1952,9,0.126
1952,10,0.063
1952,11,-0.072
1952,12,0.103
1953,1,0.099
1953,2,0.193
1953,3,0.104
1953,4,0.312
1953,5,0.216
1953,6,0.228
1953,7,0.119
1953,8,0.143
1953,9,0.126
1953,10,0.124
1953,11,-0.004
1953,12,0.135
1954,1,-0.178
1954,2,-0.046
1954,3,-0.069
1954,4,0.005
1954,5,-0.039
1954,6,-0.055
1954,7,-0.128
1954,8,-0.083
1954,9,-0.086
1954,10,0.086
1954,11,0.149
1954,12,-0.058
1955,1,0.217
1955,2,-0.151
1955,3,-0.249
1955,4,-0.105
1955,5,-0.181
1955,6,-0.068
1955,7,-0.113
1955,8,0.12
1955,9,-0.138
1955,10,0.019
1955,11,-0.232
1955,12,-0.203
1956,1,-0.067
1956,2,-0.147
1956,3,-0.186
1956,4,-0.211
1956,5,-0.243
1956,6,-0.168
1956,7,-0.089
1956,8,-0.273
1956,9,-0.175
1956,10,-0.256
1956,11,-0.137
1956,12,0.047
1957,1,-0.061
1957,2,-0.012
1957,3,-0.043
1957,4,0.094
1957,5,0.146
1957,6,0.23
1957,7,0.018
1957,8,0.18
1957,9,0.083
1957,10,0.127
1957,11,0.079
1957,12,0.169
1958,1,0.365
1958,2,0.229
1958,3,0.163
1958,4,0.09
1958,5,0.09
1958,6,-0.083
1958,7,0.007
1958,8,-0.05
1958,9,-0.078
1958,10,0.079
1958,11,0.081
1958,12,0.111
1959,1,0.122
1959,2,0.058
1959,3,0.172
1959,4,0.194
1959,5,0.082
1959,6,0.095
1959,7,0.023
1959,8,0.028
1959,9,-0.083
1959,10,0.024
1959,11,-0.088
1959,12,0.053
1960,1,0.043
1960,2,0.144
1960,3,-0.284
1960,4,-0.123
1960,5,-0.071
1960,6,0.025
1960,7,-0.025
1960,8,0.091
1960,9,0.07
1960,10,0.105
1960,11,-0.119
1960,12,0.259
1961,1,0.118
1961,2,0.213
1961,3,0.134
1961,4,0.221
1961,5,0.207
1961,6,0.143
1961,7,0.006
1961,8,0.01
1961,9,0.051
1961,10,0.027
1961,11,0.062
1961,12,-0.062
1962,1,0.104
1962,2,0.175
1962,3,0.186
1962,4,0.119
1962,5,-0.061
1962,6,0.036
1962,7,-0.047
1962,8,-0.046
1962,9,-0.057
1962,10,0.01
1962,11,0.064
1962,12,0.05
1963,1,0.057
1963,2,0.169
1963,3,-0.156
1963,4,-0.028
1963,5,-0.042
1963,6,0.045
1963,7,0.111
1963,8,0.246
1963,9,0.186
1963,10,0.141
1963,11,0.186
1963,12,0.108
1964,1,-0.017
1964,2,-0.087
1964,3,-0.247
1964,4,-0.265
1964,5,-0.259
1964,6,-0.042
1964,7,-0.117
1964,8,-0.279
1964,9,-0.33
1964,10,-0.219
1964,11,-0.193
1964,12,-0.171
1965,1,0.011
1965,2,-0.125
1965,3,-0.125
1965,4,-0.128
1965,5,-0.074
1965,6,-0.137
1965,7,-0.187
1965,8,-0.052
1965,9,-0.197
1965,10,0.003
1965,11,-0.031
1965,12,0.027
1966,1,-0.088
1966,2,-0.011
1966,3,-0.014
1966,4,-0.007
1966,5,-0.071
1966,6,0.034
1966,7,0.114
1966,8,-0.029
1966,9,0.005
1966,10,-0.137
1966,11,-0.004
1966,12,0.039
1967,1,-0.037
1967,2,-0.201
1967,3,0.068
1967,4,0.046
1967,5,0.252
1967,6,0.026
1967,7,0.06
1967,8,0.026
1967,9,-0.016
1967,10,0.103
1967,11,-0.057
1967,12,0.045
1968,1,-0.134
1968,2,-0.114
1968,3,0.175
1968,4,0.012
1968,5,-0.079
1968,6,0.012
1968,7,-0.113
1968,8,-0.075
1968,9,-0.186
1968,10,0.126
1968,11,-0.057
1968,12,-0.004
1969,1,0.015
1969,2,-0.056
1969,3,0.039
1969,4,0.232
1969,5,0.265
1969,6,0.149
1969,7,-0.061
1969,8,0.035
1969,9,0.07
1969,10,0.118
1969,11,0.121
1969,12,0.359
1970,1,0.193
1970,2,0.189
1970,3,0.073
1970,4,0.126
1970,5,0.024
1970,6,0.001
1970,7,-0.024
1970,8,-0.135
1970,9,0.087
1970,10,0.034
1970,11,-0.009
1970,12,-0.052
1971,1,-0.004
1971,2,-0.163
1971,3,-0.17
1971,4,-0.036
1971,5,-0.095
1971,6,-0.144
1971,7,-0.123
1971,8,-0.069
1971,9,-0.021
1971,10,-0.025
1971,11,-0.034
1971,12,-0.082
1972,1,-0.237
1972,2,-0.177
1972,3,0.021
1972,4,0.024
1972,5,0.031
1972,6,0.065
1972,7,-0.033
1972,8,0.163
1972,9,0.016
1972,10,0.032
1972,11,-0.005
1972,12,0.233
1973,1,0.253
1973,2,0.303
1973,3,0.189
1973,4,0.295
1973,5,0.253
1973,6,0.164
1973,7,0.035
1973,8,0.018
1973,9,-0.014
1973,10,0.062
1973,11,0.004
1973,12,-0.026
1974,1,-0.172
1974,2,-0.319
1974,3,-0.134
1974,4,-0.079
1974,5,-0.067
1974,6,-0.032
1974,7,-0.086
1974,8,0.11
1974,9,-0.069
1974,10,-0.071
1974,11,-0.064
1974,12,-0.094
1975,1,0.026
1975,2,0.09
1975,3,0.116
1975,4,0.074
1975,5,0.149
1975,6,0.031
1975,7,-0.088
1975,8,-0.237
1975,9,-0.082
1975,10,-0.088
1975,11,-0.266
1975,12,-0.149
1976,1,-0.075
1976,2,-0.163
1976,3,-0.28
1976,4,-0.107
1976,5,-0.287
1976,6,-0.206
1976,7,-0.102
1976,8,-0.191
1976,9,-0.069
1976,10,-0.23
1976,11,-0.103
1976,12,0.097
1977,1,0.252
1977,2,0.173
1977,3,0.128
1977,4,0.218
1977,5,0.312
1977,6,0.262
1977,7,0.16
1977,8,0.199
1977,9,-0.02
1977,10,0.004
1977,11,0.113
1977,12,0.026
1978,1,0.061
1978,2,0.108
1978,3,0.119
1978,4,0.154
1978,5,0.076
1978,6,-0.065
1978,7,-0.009
1978,8,-0.276
1978,9,0.031
1978,10,-0.059
1978,11,0.115
1978,12,0.059
1979,1,0.104
1979,2,-0.153
1979,3,0.116
1979,4,0.162
1979,5,0.009
1979,6,0.034
1979,7,-0.035
1979,8,0.101
1979,9,0.204
1979,10,0.18
1979,11,0.193
1979,12,0.442
1980,1,0.299
1980,2,0.376
1980,3,0.297
1980,4,0.354
1980,5,0.315
1980,6,0.146
1980,7,0.227
1980,8,0.198
1980,9,0.14
1980,10,0.091
1980,11,0.188
1980,12,0.135
1981,1,0.51
1981,2,0.337
1981,3,0.398
1981,4,0.254
1981,5,0.196
1981,6,0.304
1981,7,0.293
1981,8,0.322
1981,9,0.146
1981,10,0.073
1981,11,0.125
1981,12,0.402
1982,1,0.057
1982,2,0.079
1982,3,-0.08
1982,4,0.029
1982,5,0.089
1982,6,-0.016
1982,7,0.057
1982,8,-0.004
1982,9,0.07
1982,10,0.079
1982,11,0.027
1982,12,0.365
1983,1,0.426
1983,2,0.367
1983,3,0.301
1983,4,0.274
1983,5,0.333
1983,6,0.156
1983,7,0.103
1983,8,0.309
1983,9,0.335
1983,10,0.096
1983,11,0.201
1983,12,0.168
1984,1,0.23
1984,2,0.073
1984,3,0.222
1984,4,0.102
1984,5,0.312
1984,6,0.026
1984,7,-0.022
1984,8,0.101
1984,9,0.15
1984,10,0.047
1984,11,-0.078
1984,12,-0.084
1985,1,0.225
1985,2,-0.028
1985,3,0.121
1985,4,0.093
1985,5,0.107
1985,6,0.088
1985,7,-0.081
1985,8,0.136
1985,9,0.095
1985,10,0.053
1985,11,-0.02
1985,12,0.138
1986,1,0.172
1986,2,0.344
1986,3,0.198
1986,4,0.252
1986,5,0.197
1986,6,0.04
1986,7,0.045
1986,8,0.116
1986,9,0.015
1986,10,0.083
1986,11,0.012
1986,12,0.11
1987,1,0.269
1987,2,0.313
1987,3,0.141
1987,4,0.223
1987,5,0.246
1987,6,0.302
1987,7,0.378
1987,8,0.235
1987,9,0.267
1987,10,0.24
1987,11,0.13
1987,12,0.442
1988,1,0.485
1988,2,0.346
1988,3,0.381
1988,4,0.415
1988,5,0.374
1988,6,0.37
1988,7,0.258
1988,8,0.35
1988,9,0.298
1988,10,0.252
1988,11,-0.016
1988,12,0.205
1989,1,-0.001
1989,2,0.271
1989,3,0.229
1989,4,0.259
1989,5,0.053
1989,6,0.073
1989,7,0.241
1989,8,0.237
1989,9,0.262
1989,10,0.263
1989,11,0.067
1989,12,0.353
1990,1,0.363
1990,2,0.305
1990,3,0.654
1990,4,0.556
1990,5,0.458
1990,6,0.345
1990,7,0.384
1990,8,0.27
1990,9,0.216
1990,10,0.379
1990,11,0.337
1990,12,0.359
1991,1,0.352
1991,2,0.423
1991,3,0.303
1991,4,0.512
1991,5,0.362
1991,6,0.459
1991,7,0.427
1991,8,0.382
1991,9,0.385
1991,10,0.273
1991,11,0.23
1991,12,0.311
1992,1,0.435
1992,2,0.376
1992,3,0.397
1992,4,0.277
1992,5,0.282
1992,6,0.233
1992,7,0.088
1992,8,0.046
1992,9,-0.058
1992,10,-0.005
1992,11,-0.05
1992,12,0.182
1993,1,0.342
1993,2,0.328
1993,3,0.311
1993,4,0.286
1993,5,0.234
1993,6,0.221
1993,7,0.199
1993,8,0.114
1993,9,0.121
1993,10,0.205
1993,11,0.039
1993,12,0.156
1994,1,0.22
1994,2,0.006
1994,3,0.275
1994,4,0.365
1994,5,0.272
1994,6,0.381
1994,7,0.225
1994,8,0.155
1994,9,0.262
1994,10,0.386
1994,11,0.34
1994,12,0.315
1995,1,0.43
1995,2,0.664
1995,3,0.388
1995,4,0.477
1995,5,0.271
1995,6,0.407
1995,7,0.444
1995,8,0.457
1995,9,0.323
1995,10,0.433
1995,11,0.383
1995,12,0.257
1996,1,0.256
1996,2,0.492
1996,3,0.36
1996,4,0.383
1996,5,0.227
1996,6,0.18
1996,7,0.288
1996,8,0.456
1996,9,0.226
1996,10,0.144
1996,11,0.347
1996,12,0.404
1997,1,0.297
1997,2,0.334
1997,3,0.491
1997,4,0.428
1997,5,0.365
1997,6,0.539
1997,7,0.316
1997,8,0.389
1997,9,0.503
1997,10,0.62
1997,11,0.626
1997,12,0.588
1998,1,0.568
1998,2,0.786
1998,3,0.611
1998,4,0.729
1998,5,0.697
1998,6,0.724
1998,7,0.658
1998,8,0.687
1998,9,0.432
1998,10,0.416
1998,11,0.416
1998,12,0.585
1999,1,0.428
1999,2,0.612
1999,3,0.311
1999,4,0.348
1999,5,0.272
1999,6,0.361
1999,7,0.334
1999,8,0.304
1999,9,0.409
1999,10,0.337
1999,11,0.333
1999,12,0.437
2000,1,0.287
2000,2,0.539
2000,3,0.513
2000,4,0.573
2000,5,0.361
2000,6,0.382
2000,7,0.335
2000,8,0.436
2000,9,0.403
2000,10,0.236
2000,11,0.28
2000,12,0.301
2001,1,0.461
2001,2,0.439
2001,3,0.552
2001,4,0.562
2001,5,0.539
2001,6,0.511
2001,7,0.532
2001,8,0.434
2001,9,0.514
2001,10,0.48
2001,11,0.677
2001,12,0.643
2002,1,0.738
2002,2,0.678
2002,3,0.881
2002,4,0.631
2002,5,0.627
2002,6,0.521
2002,7,0.53
2002,8,0.499
2002,9,0.608
2002,10,0.563
2002,11,0.516
2002,12,0.5
2003,1,0.749
2003,2,0.546
2003,3,0.541
2003,4,0.578
2003,5,0.602
2003,6,0.446
2003,7,0.499
2003,8,0.606
2003,9,0.626
2003,10,0.684
2003,11,0.492
2003,12,0.738
2004,1,0.596
2004,2,0.674
2004,3,0.579
2004,4,0.616
2004,5,0.342
2004,6,0.377
2004,7,0.206
2004,8,0.402
2004,9,0.466
2004,10,0.55
2004,11,0.641
2004,12,0.506
2005,1,0.738
2005,2,0.631
2005,3,0.743
2005,4,0.734
2005,5,0.653
2005,6,0.64
2005,7,0.548
2005,8,0.582
2005,9,0.682
2005,10,0.762
2005,11,0.683
2005,12,0.742
2006,1,0.622
2006,2,0.773
2006,3,0.651
2006,4,0.569
2006,5,0.507
2006,6,0.609
2006,7,0.41
2006,8,0.7
2006,9,0.578
2006,10,0.669
2006,11,0.673
2006,12,0.805
2007,1,0.961
2007,2,0.722
2007,3,0.673
2007,4,0.821
2007,5,0.658
2007,6,0.557
2007,7,0.546
2007,8,0.55
2007,9,0.539
2007,10,0.598
2007,11,0.556
2007,12,0.49
2008,1,0.272
2008,2,0.31
2008,3,0.639
2008,4,0.552
2008,5,0.517
2008,6,0.444
2008,7,0.506
2008,8,0.412
2008,9,0.61
2008,10,0.658
2008,11,0.618
2008,12,0.54
2009,1,0.678
2009,2,0.53
2009,3,0.481
2009,4,0.614
2009,5,0.607
2009,6,0.631
2009,7,0.7
2009,8,0.644
2009,9,0.669
2009,10,0.648
2009,11,0.735
2009,12,0.737
2010,1,0.777
2010,2,0.853
2010,3,0.882
2010,4,0.931
2010,5,0.758
2010,6,0.638
2010,7,0.541
2010,8,0.614
2010,9,0.598
2010,10,0.683
2010,11,0.73
2010,12,0.529
2011,1,0.552
2011,2,0.523
2011,3,0.634
2011,4,0.652
2011,5,0.523
2011,6,0.593
2011,7,0.686
2011,8,0.726
2011,9,0.534
2011,10,0.602
2011,11,0.514
2011,12,0.594
2012,1,0.44
2012,2,0.473
2012,3,0.461
2012,4,0.713
2012,5,0.745
2012,6,0.613
2012,7,0.455
2012,8,0.624
2012,9,0.681
2012,10,0.784
2012,11,0.741
2012,12,0.546
2013,1,0.682
2013,2,0.544
2013,3,0.618
2013,4,0.59
2013,5,0.619
2013,6,0.618
2013,7,0.514
2013,8,0.637
2013,9,0.714
2013,10,0.626
2013,11,0.76
2013,12,0.688
2014,1,0.724
2014,2,0.475
2014,3,0.711
2014,4,0.786
2014,5,0.834
2014,6,0.618
2014,7,0.5
2014,8,0.803
2014,9,0.808
2014,10,0.775
2014,11,0.562
2014,12,0.736
2015,1,0.786
2015,2,0.809
2015,3,0.835
2015,4,0.771
2015,5,0.779
2015,6,0.748
2015,7,0.639
2015,8,0.77
2015,9,0.8
2015,10,1.015
2015,11,0.956
2015,12,1.095
2016,1,1.159
2016,2,1.249
2016,3,1.238
2016,4,1.097
2016,5,0.963
2016,6,0.746
2016,7,0.754
2016,8,0.935
2016,9,0.816
2016,10,0.884
2016,11,0.89
2016,12,0.89
2017,1,1.004
2017,2,1.066
2017,3,1.137
2017,4,0.961
2017,5,0.907
2017,6,0.651
2017,7,0.679
2017,8,0.777
2017,9,0.624
2017,10,0.791
2017,11,0.755
2017,12,0.897
2018,1,0.785
2018,2,0.822
2018,3,0.834
2018,4,0.916
2018,5,0.772
2018,6,0.722
2018,7,0.709
2018,8,0.714
2018,9,0.703
2018,10,0.908
2018,11,0.737
2018,12,0.86
2019,1,0.853
2019,2,0.879
2019,3,1.132
2019,4,1.025
2019,5,0.851
2019,6,0.822
2019,7,0.843
2019,8,0.885
